"region","name","initial","min","max","integer","include","key"
NA,"alpha_admission",0.0829193709754026,0,1,FALSE,TRUE,"alpha_admission
NA"
NA,"alpha_D",0.517967420988768,0,1,FALSE,TRUE,"alpha_D
NA"
NA,"alpha_death_hosp",0.0418636669086515,0,1,FALSE,TRUE,"alpha_death_hosp
NA"
NA,"alpha_H",0.0578860340215963,0,1,FALSE,TRUE,"alpha_H
NA"
"east_of_england","beta1",0.105238190432796,0,1,FALSE,TRUE,"beta1
east_of_england"
"london","beta1",0.078024038878627,0,1,FALSE,TRUE,"beta1
london"
"midlands","beta1",0.0990858834770988,0,1,FALSE,TRUE,"beta1
midlands"
"north_east_and_yorkshire","beta1",0.112763441713977,0,1,FALSE,TRUE,"beta1
north_east_and_yorkshire"
"north_west","beta1",0.0915705680220013,0,1,FALSE,TRUE,"beta1
north_west"
"south_east","beta1",0.0800200967855826,0,1,FALSE,TRUE,"beta1
south_east"
"south_west","beta1",0.0906680425147339,0,1,FALSE,TRUE,"beta1
south_west"
"east_of_england","beta10",0.0502645570531159,0,1,FALSE,TRUE,"beta10
east_of_england"
"london","beta10",0.0519361460010272,0,1,FALSE,TRUE,"beta10
london"
"midlands","beta10",0.0527456377827617,0,1,FALSE,TRUE,"beta10
midlands"
"north_east_and_yorkshire","beta10",0.0440440938813033,0,1,FALSE,TRUE,"beta10
north_east_and_yorkshire"
"north_west","beta10",0.0460841215164744,0,1,FALSE,TRUE,"beta10
north_west"
"south_east","beta10",0.0519310096639149,0,1,FALSE,TRUE,"beta10
south_east"
"south_west","beta10",0.0523066083202689,0,1,FALSE,TRUE,"beta10
south_west"
"east_of_england","beta11",0.0420426334248863,0,1,FALSE,TRUE,"beta11
east_of_england"
"london","beta11",0.0445269486837523,0,1,FALSE,TRUE,"beta11
london"
"midlands","beta11",0.043207104808232,0,1,FALSE,TRUE,"beta11
midlands"
"north_east_and_yorkshire","beta11",0.0471279858352579,0,1,FALSE,TRUE,"beta11
north_east_and_yorkshire"
"north_west","beta11",0.0417786724256479,0,1,FALSE,TRUE,"beta11
north_west"
"south_east","beta11",0.0423093615000283,0,1,FALSE,TRUE,"beta11
south_east"
"south_west","beta11",0.0423732162179152,0,1,FALSE,TRUE,"beta11
south_west"
"east_of_england","beta12",0.0372812313130793,0,1,FALSE,TRUE,"beta12
east_of_england"
"london","beta12",0.0405387046221556,0,1,FALSE,TRUE,"beta12
london"
"midlands","beta12",0.038870162632787,0,1,FALSE,TRUE,"beta12
midlands"
"north_east_and_yorkshire","beta12",0.0361338881103597,0,1,FALSE,TRUE,"beta12
north_east_and_yorkshire"
"north_west","beta12",0.0333948340913872,0,1,FALSE,TRUE,"beta12
north_west"
"south_east","beta12",0.0366314808928653,0,1,FALSE,TRUE,"beta12
south_east"
"south_west","beta12",0.0349854412679243,0,1,FALSE,TRUE,"beta12
south_west"
"east_of_england","beta13",0.0392540381691984,0,1,FALSE,TRUE,"beta13
east_of_england"
"london","beta13",0.041871398538211,0,1,FALSE,TRUE,"beta13
london"
"midlands","beta13",0.0369820046079385,0,1,FALSE,TRUE,"beta13
midlands"
"north_east_and_yorkshire","beta13",0.0372662037582919,0,1,FALSE,TRUE,"beta13
north_east_and_yorkshire"
"north_west","beta13",0.0452724216811107,0,1,FALSE,TRUE,"beta13
north_west"
"south_east","beta13",0.034014952993306,0,1,FALSE,TRUE,"beta13
south_east"
"south_west","beta13",0.0324197118085283,0,1,FALSE,TRUE,"beta13
south_west"
"east_of_england","beta14",0.0364765405224372,0,1,FALSE,TRUE,"beta14
east_of_england"
"london","beta14",0.0438234096499141,0,1,FALSE,TRUE,"beta14
london"
"midlands","beta14",0.0431564098513144,0,1,FALSE,TRUE,"beta14
midlands"
"north_east_and_yorkshire","beta14",0.0433343073326055,0,1,FALSE,TRUE,"beta14
north_east_and_yorkshire"
"north_west","beta14",0.0407857383448815,0,1,FALSE,TRUE,"beta14
north_west"
"south_east","beta14",0.0354500222562824,0,1,FALSE,TRUE,"beta14
south_east"
"south_west","beta14",0.0389131605027853,0,1,FALSE,TRUE,"beta14
south_west"
"east_of_england","beta15",0.0391301860002158,0,1,FALSE,TRUE,"beta15
east_of_england"
"london","beta15",0.0417810590923706,0,1,FALSE,TRUE,"beta15
london"
"midlands","beta15",0.0511423383367663,0,1,FALSE,TRUE,"beta15
midlands"
"north_east_and_yorkshire","beta15",0.0520636215517456,0,1,FALSE,TRUE,"beta15
north_east_and_yorkshire"
"north_west","beta15",0.0667037669567868,0,1,FALSE,TRUE,"beta15
north_west"
"south_east","beta15",0.0375970270769262,0,1,FALSE,TRUE,"beta15
south_east"
"south_west","beta15",0.050000661813963,0,1,FALSE,TRUE,"beta15
south_west"
"east_of_england","beta16",0.0232054803608638,0,1,FALSE,TRUE,"beta16
east_of_england"
"london","beta16",0.025529030424941,0,1,FALSE,TRUE,"beta16
london"
"midlands","beta16",0.0278227692513273,0,1,FALSE,TRUE,"beta16
midlands"
"north_east_and_yorkshire","beta16",0.0284197961504788,0,1,FALSE,TRUE,"beta16
north_east_and_yorkshire"
"north_west","beta16",0.0293005972496173,0,1,FALSE,TRUE,"beta16
north_west"
"south_east","beta16",0.0223673549094462,0,1,FALSE,TRUE,"beta16
south_east"
"south_west","beta16",0.0228367110536677,0,1,FALSE,TRUE,"beta16
south_west"
"east_of_england","beta17",0.0262869271493769,0,1,FALSE,TRUE,"beta17
east_of_england"
"london","beta17",0.0304725379805511,0,1,FALSE,TRUE,"beta17
london"
"midlands","beta17",0.0284287385941192,0,1,FALSE,TRUE,"beta17
midlands"
"north_east_and_yorkshire","beta17",0.0304739808149932,0,1,FALSE,TRUE,"beta17
north_east_and_yorkshire"
"north_west","beta17",0.0316482972962525,0,1,FALSE,TRUE,"beta17
north_west"
"south_east","beta17",0.0253261975378402,0,1,FALSE,TRUE,"beta17
south_east"
"south_west","beta17",0.0225783806040998,0,1,FALSE,TRUE,"beta17
south_west"
"east_of_england","beta18",0.0380160037678968,0,1,FALSE,TRUE,"beta18
east_of_england"
"london","beta18",0.0446904446282197,0,1,FALSE,TRUE,"beta18
london"
"midlands","beta18",0.0369017945985128,0,1,FALSE,TRUE,"beta18
midlands"
"north_east_and_yorkshire","beta18",0.0366005816013375,0,1,FALSE,TRUE,"beta18
north_east_and_yorkshire"
"north_west","beta18",0.0387711941017695,0,1,FALSE,TRUE,"beta18
north_west"
"south_east","beta18",0.0367554192201805,0,1,FALSE,TRUE,"beta18
south_east"
"south_west","beta18",0.0398434139125701,0,1,FALSE,TRUE,"beta18
south_west"
"east_of_england","beta19",0.0314601439818524,0,1,FALSE,TRUE,"beta19
east_of_england"
"london","beta19",0.0362984170743978,0,1,FALSE,TRUE,"beta19
london"
"midlands","beta19",0.0371743848883269,0,1,FALSE,TRUE,"beta19
midlands"
"north_east_and_yorkshire","beta19",0.0361880584389649,0,1,FALSE,TRUE,"beta19
north_east_and_yorkshire"
"north_west","beta19",0.0386756566053375,0,1,FALSE,TRUE,"beta19
north_west"
"south_east","beta19",0.02863168702258,0,1,FALSE,TRUE,"beta19
south_east"
"south_west","beta19",0.0205609118532722,0,1,FALSE,TRUE,"beta19
south_west"
"east_of_england","beta2",0.0544090288957029,0,1,FALSE,TRUE,"beta2
east_of_england"
"london","beta2",0.0530213698161785,0,1,FALSE,TRUE,"beta2
london"
"midlands","beta2",0.0375209594390421,0,1,FALSE,TRUE,"beta2
midlands"
"north_east_and_yorkshire","beta2",0.0764108865879825,0,1,FALSE,TRUE,"beta2
north_east_and_yorkshire"
"north_west","beta2",0.0886475321643107,0,1,FALSE,TRUE,"beta2
north_west"
"south_east","beta2",0.0502944567726884,0,1,FALSE,TRUE,"beta2
south_east"
"south_west","beta2",0.0553975189592818,0,1,FALSE,TRUE,"beta2
south_west"
"east_of_england","beta20",0.0319759864803228,0,1,FALSE,TRUE,"beta20
east_of_england"
"london","beta20",0.0333190723376353,0,1,FALSE,TRUE,"beta20
london"
"midlands","beta20",0.0350137950313717,0,1,FALSE,TRUE,"beta20
midlands"
"north_east_and_yorkshire","beta20",0.0387736538820034,0,1,FALSE,TRUE,"beta20
north_east_and_yorkshire"
"north_west","beta20",0.040400588748449,0,1,FALSE,TRUE,"beta20
north_west"
"south_east","beta20",0.0298431040606869,0,1,FALSE,TRUE,"beta20
south_east"
"south_west","beta20",0.0327713095316487,0,1,FALSE,TRUE,"beta20
south_west"
"east_of_england","beta21",0.0327651066993431,0,1,FALSE,TRUE,"beta21
east_of_england"
"london","beta21",0.033679757399826,0,1,FALSE,TRUE,"beta21
london"
"midlands","beta21",0.0359252567271265,0,1,FALSE,TRUE,"beta21
midlands"
"north_east_and_yorkshire","beta21",0.0389019797780316,0,1,FALSE,TRUE,"beta21
north_east_and_yorkshire"
"north_west","beta21",0.032860854061923,0,1,FALSE,TRUE,"beta21
north_west"
"south_east","beta21",0.0333573195776964,0,1,FALSE,TRUE,"beta21
south_east"
"south_west","beta21",0.0351473091108915,0,1,FALSE,TRUE,"beta21
south_west"
"east_of_england","beta22",0.0410446182645258,0,1,FALSE,TRUE,"beta22
east_of_england"
"london","beta22",0.0412320671678276,0,1,FALSE,TRUE,"beta22
london"
"midlands","beta22",0.0419679836555133,0,1,FALSE,TRUE,"beta22
midlands"
"north_east_and_yorkshire","beta22",0.0424356284092465,0,1,FALSE,TRUE,"beta22
north_east_and_yorkshire"
"north_west","beta22",0.041145544651938,0,1,FALSE,TRUE,"beta22
north_west"
"south_east","beta22",0.040121789626919,0,1,FALSE,TRUE,"beta22
south_east"
"south_west","beta22",0.0304685128619857,0,1,FALSE,TRUE,"beta22
south_west"
"east_of_england","beta23",0.0386688037693575,0,1,FALSE,TRUE,"beta23
east_of_england"
"london","beta23",0.0408526613627817,0,1,FALSE,TRUE,"beta23
london"
"midlands","beta23",0.0368221948140383,0,1,FALSE,TRUE,"beta23
midlands"
"north_east_and_yorkshire","beta23",0.0372368021482623,0,1,FALSE,TRUE,"beta23
north_east_and_yorkshire"
"north_west","beta23",0.0396774604889646,0,1,FALSE,TRUE,"beta23
north_west"
"south_east","beta23",0.0372610158566682,0,1,FALSE,TRUE,"beta23
south_east"
"south_west","beta23",0.0381833659748179,0,1,FALSE,TRUE,"beta23
south_west"
"east_of_england","beta24",0.0285410378198102,0,1,FALSE,TRUE,"beta24
east_of_england"
"london","beta24",0.0328387196968867,0,1,FALSE,TRUE,"beta24
london"
"midlands","beta24",0.0303747492496023,0,1,FALSE,TRUE,"beta24
midlands"
"north_east_and_yorkshire","beta24",0.0298944465757632,0,1,FALSE,TRUE,"beta24
north_east_and_yorkshire"
"north_west","beta24",0.0342697973114969,0,1,FALSE,TRUE,"beta24
north_west"
"south_east","beta24",0.0268338150708962,0,1,FALSE,TRUE,"beta24
south_east"
"south_west","beta24",0.026239802638881,0,1,FALSE,TRUE,"beta24
south_west"
"east_of_england","beta25",0.037719993827017,0,1,FALSE,TRUE,"beta25
east_of_england"
"london","beta25",0.0393741826789524,0,1,FALSE,TRUE,"beta25
london"
"midlands","beta25",0.0417911248118427,0,1,FALSE,TRUE,"beta25
midlands"
"north_east_and_yorkshire","beta25",0.0449845213171156,0,1,FALSE,TRUE,"beta25
north_east_and_yorkshire"
"north_west","beta25",0.0470343269708436,0,1,FALSE,TRUE,"beta25
north_west"
"south_east","beta25",0.0386027107476379,0,1,FALSE,TRUE,"beta25
south_east"
"south_west","beta25",0.0384171967539569,0,1,FALSE,TRUE,"beta25
south_west"
"east_of_england","beta26",0.0332699772888819,0,1,FALSE,TRUE,"beta26
east_of_england"
"london","beta26",0.0374478143571137,0,1,FALSE,TRUE,"beta26
london"
"midlands","beta26",0.037224209875721,0,1,FALSE,TRUE,"beta26
midlands"
"north_east_and_yorkshire","beta26",0.0412822930838206,0,1,FALSE,TRUE,"beta26
north_east_and_yorkshire"
"north_west","beta26",0.0451470545182237,0,1,FALSE,TRUE,"beta26
north_west"
"south_east","beta26",0.0301065794543026,0,1,FALSE,TRUE,"beta26
south_east"
"south_west","beta26",0.029445542393193,0,1,FALSE,TRUE,"beta26
south_west"
"east_of_england","beta27",0.0396804994092849,0,1,FALSE,TRUE,"beta27
east_of_england"
"london","beta27",0.0409570658409785,0,1,FALSE,TRUE,"beta27
london"
"midlands","beta27",0.0450941530877581,0,1,FALSE,TRUE,"beta27
midlands"
"north_east_and_yorkshire","beta27",0.0482297379138638,0,1,FALSE,TRUE,"beta27
north_east_and_yorkshire"
"north_west","beta27",0.0484262593706185,0,1,FALSE,TRUE,"beta27
north_west"
"south_east","beta27",0.0397045176987598,0,1,FALSE,TRUE,"beta27
south_east"
"south_west","beta27",0.0398766267029809,0,1,FALSE,TRUE,"beta27
south_west"
"east_of_england","beta28",0.0519956757209132,0,1,FALSE,TRUE,"beta28
east_of_england"
"london","beta28",0.0525076018602289,0,1,FALSE,TRUE,"beta28
london"
"midlands","beta28",0.0534580617927559,0,1,FALSE,TRUE,"beta28
midlands"
"north_east_and_yorkshire","beta28",0.0579580964214202,0,1,FALSE,TRUE,"beta28
north_east_and_yorkshire"
"north_west","beta28",0.0629246380357894,0,1,FALSE,TRUE,"beta28
north_west"
"south_east","beta28",0.0498720148281594,0,1,FALSE,TRUE,"beta28
south_east"
"south_west","beta28",0.0520827591358986,0,1,FALSE,TRUE,"beta28
south_west"
"east_of_england","beta29",0.04524622848126,0,1,FALSE,TRUE,"beta29
east_of_england"
"london","beta29",0.0466561714686285,0,1,FALSE,TRUE,"beta29
london"
"midlands","beta29",0.0483388708594507,0,1,FALSE,TRUE,"beta29
midlands"
"north_east_and_yorkshire","beta29",0.053717053530639,0,1,FALSE,TRUE,"beta29
north_east_and_yorkshire"
"north_west","beta29",0.0533998601428262,0,1,FALSE,TRUE,"beta29
north_west"
"south_east","beta29",0.044277470315401,0,1,FALSE,TRUE,"beta29
south_east"
"south_west","beta29",0.0442762555339162,0,1,FALSE,TRUE,"beta29
south_west"
"east_of_england","beta3",0.0290064782891256,0,1,FALSE,TRUE,"beta3
east_of_england"
"london","beta3",0.0214905704572002,0,1,FALSE,TRUE,"beta3
london"
"midlands","beta3",0.0279317716932394,0,1,FALSE,TRUE,"beta3
midlands"
"north_east_and_yorkshire","beta3",0.0308010067602914,0,1,FALSE,TRUE,"beta3
north_east_and_yorkshire"
"north_west","beta3",0.0276405889676818,0,1,FALSE,TRUE,"beta3
north_west"
"south_east","beta3",0.0302172345225271,0,1,FALSE,TRUE,"beta3
south_east"
"south_west","beta3",0.0301766043542484,0,1,FALSE,TRUE,"beta3
south_west"
"east_of_england","beta30",0.0442128632708874,0,1,FALSE,TRUE,"beta30
east_of_england"
"london","beta30",0.0490567539596943,0,1,FALSE,TRUE,"beta30
london"
"midlands","beta30",0.0524499273652704,0,1,FALSE,TRUE,"beta30
midlands"
"north_east_and_yorkshire","beta30",0.0547560686280409,0,1,FALSE,TRUE,"beta30
north_east_and_yorkshire"
"north_west","beta30",0.058415097664021,0,1,FALSE,TRUE,"beta30
north_west"
"south_east","beta30",0.0444308627440875,0,1,FALSE,TRUE,"beta30
south_east"
"south_west","beta30",0.0452754988190934,0,1,FALSE,TRUE,"beta30
south_west"
"east_of_england","beta31",0.0558316943621249,0,1,FALSE,TRUE,"beta31
east_of_england"
"london","beta31",0.0554991266389458,0,1,FALSE,TRUE,"beta31
london"
"midlands","beta31",0.0569024227889406,0,1,FALSE,TRUE,"beta31
midlands"
"north_east_and_yorkshire","beta31",0.061753258054441,0,1,FALSE,TRUE,"beta31
north_east_and_yorkshire"
"north_west","beta31",0.0635259000760241,0,1,FALSE,TRUE,"beta31
north_west"
"south_east","beta31",0.0524366397934775,0,1,FALSE,TRUE,"beta31
south_east"
"south_west","beta31",0.0522317286895841,0,1,FALSE,TRUE,"beta31
south_west"
"east_of_england","beta32",0.0419500859895253,0,1,FALSE,TRUE,"beta32
east_of_england"
"london","beta32",0.031688319039967,0,1,FALSE,TRUE,"beta32
london"
"midlands","beta32",0.0510813576373912,0,1,FALSE,TRUE,"beta32
midlands"
"north_east_and_yorkshire","beta32",0.0555692075760332,0,1,FALSE,TRUE,"beta32
north_east_and_yorkshire"
"north_west","beta32",0.0472366363651495,0,1,FALSE,TRUE,"beta32
north_west"
"south_east","beta32",0.040698784352003,0,1,FALSE,TRUE,"beta32
south_east"
"south_west","beta32",0.0466613429479487,0,1,FALSE,TRUE,"beta32
south_west"
"east_of_england","beta33",0.0216930144309263,0,1,FALSE,TRUE,"beta33
east_of_england"
"london","beta33",0.0237906761373765,0,1,FALSE,TRUE,"beta33
london"
"midlands","beta33",0.0202698064094659,0,1,FALSE,TRUE,"beta33
midlands"
"north_east_and_yorkshire","beta33",0.0237172412849097,0,1,FALSE,TRUE,"beta33
north_east_and_yorkshire"
"north_west","beta33",0.0219655608739954,0,1,FALSE,TRUE,"beta33
north_west"
"south_east","beta33",0.0221363266182812,0,1,FALSE,TRUE,"beta33
south_east"
"south_west","beta33",0.0217250583859011,0,1,FALSE,TRUE,"beta33
south_west"
"east_of_england","beta34",0.0399533883878358,0,1,FALSE,TRUE,"beta34
east_of_england"
"london","beta34",0.0368045056573726,0,1,FALSE,TRUE,"beta34
london"
"midlands","beta34",0.0397128937849485,0,1,FALSE,TRUE,"beta34
midlands"
"north_east_and_yorkshire","beta34",0.0349093325646946,0,1,FALSE,TRUE,"beta34
north_east_and_yorkshire"
"north_west","beta34",0.0382662533312731,0,1,FALSE,TRUE,"beta34
north_west"
"south_east","beta34",0.0400369585734728,0,1,FALSE,TRUE,"beta34
south_east"
"south_west","beta34",0.0382078481790188,0,1,FALSE,TRUE,"beta34
south_west"
"east_of_england","beta35",0.0288328800597825,0,1,FALSE,TRUE,"beta35
east_of_england"
"london","beta35",0.0321510831111226,0,1,FALSE,TRUE,"beta35
london"
"midlands","beta35",0.0275826494700261,0,1,FALSE,TRUE,"beta35
midlands"
"north_east_and_yorkshire","beta35",0.0314525144924957,0,1,FALSE,TRUE,"beta35
north_east_and_yorkshire"
"north_west","beta35",0.0301335421742583,0,1,FALSE,TRUE,"beta35
north_west"
"south_east","beta35",0.0314061566878943,0,1,FALSE,TRUE,"beta35
south_east"
"south_west","beta35",0.0301040366943191,0,1,FALSE,TRUE,"beta35
south_west"
"east_of_england","beta36",0.038636990131983,0,1,FALSE,TRUE,"beta36
east_of_england"
"london","beta36",0.0364566133866067,0,1,FALSE,TRUE,"beta36
london"
"midlands","beta36",0.0404266074070069,0,1,FALSE,TRUE,"beta36
midlands"
"north_east_and_yorkshire","beta36",0.0336756558926882,0,1,FALSE,TRUE,"beta36
north_east_and_yorkshire"
"north_west","beta36",0.0411060770579076,0,1,FALSE,TRUE,"beta36
north_west"
"south_east","beta36",0.0374914566247903,0,1,FALSE,TRUE,"beta36
south_east"
"south_west","beta36",0.0388764342054952,0,1,FALSE,TRUE,"beta36
south_west"
"east_of_england","beta4",0.033317639448486,0,1,FALSE,TRUE,"beta4
east_of_england"
"london","beta4",0.0371276586443547,0,1,FALSE,TRUE,"beta4
london"
"midlands","beta4",0.0352835173078578,0,1,FALSE,TRUE,"beta4
midlands"
"north_east_and_yorkshire","beta4",0.0328394432101814,0,1,FALSE,TRUE,"beta4
north_east_and_yorkshire"
"north_west","beta4",0.0368301831973854,0,1,FALSE,TRUE,"beta4
north_west"
"south_east","beta4",0.0316722409980524,0,1,FALSE,TRUE,"beta4
south_east"
"south_west","beta4",0.0293683794228039,0,1,FALSE,TRUE,"beta4
south_west"
"east_of_england","beta5",0.0331751654433472,0,1,FALSE,TRUE,"beta5
east_of_england"
"london","beta5",0.0372916911577299,0,1,FALSE,TRUE,"beta5
london"
"midlands","beta5",0.0334806315029381,0,1,FALSE,TRUE,"beta5
midlands"
"north_east_and_yorkshire","beta5",0.0337810160344751,0,1,FALSE,TRUE,"beta5
north_east_and_yorkshire"
"north_west","beta5",0.0316936597678521,0,1,FALSE,TRUE,"beta5
north_west"
"south_east","beta5",0.0345626615407058,0,1,FALSE,TRUE,"beta5
south_east"
"south_west","beta5",0.0267662747536717,0,1,FALSE,TRUE,"beta5
south_west"
"east_of_england","beta6",0.0319029437336036,0,1,FALSE,TRUE,"beta6
east_of_england"
"london","beta6",0.0374375420814418,0,1,FALSE,TRUE,"beta6
london"
"midlands","beta6",0.0322578976372068,0,1,FALSE,TRUE,"beta6
midlands"
"north_east_and_yorkshire","beta6",0.03367522441859,0,1,FALSE,TRUE,"beta6
north_east_and_yorkshire"
"north_west","beta6",0.0375993139640663,0,1,FALSE,TRUE,"beta6
north_west"
"south_east","beta6",0.0320587111121777,0,1,FALSE,TRUE,"beta6
south_east"
"south_west","beta6",0.0383046360083373,0,1,FALSE,TRUE,"beta6
south_west"
"east_of_england","beta7",0.0346879758640552,0,1,FALSE,TRUE,"beta7
east_of_england"
"london","beta7",0.0416900749289509,0,1,FALSE,TRUE,"beta7
london"
"midlands","beta7",0.0376736284587821,0,1,FALSE,TRUE,"beta7
midlands"
"north_east_and_yorkshire","beta7",0.0367090175424174,0,1,FALSE,TRUE,"beta7
north_east_and_yorkshire"
"north_west","beta7",0.0384211344573527,0,1,FALSE,TRUE,"beta7
north_west"
"south_east","beta7",0.0342306759526354,0,1,FALSE,TRUE,"beta7
south_east"
"south_west","beta7",0.0381170416102019,0,1,FALSE,TRUE,"beta7
south_west"
"east_of_england","beta8",0.0488462913064524,0,1,FALSE,TRUE,"beta8
east_of_england"
"london","beta8",0.057953626561035,0,1,FALSE,TRUE,"beta8
london"
"midlands","beta8",0.0546570538165251,0,1,FALSE,TRUE,"beta8
midlands"
"north_east_and_yorkshire","beta8",0.0550046375552678,0,1,FALSE,TRUE,"beta8
north_east_and_yorkshire"
"north_west","beta8",0.0574654797870338,0,1,FALSE,TRUE,"beta8
north_west"
"south_east","beta8",0.0484061866445597,0,1,FALSE,TRUE,"beta8
south_east"
"south_west","beta8",0.0401787014439739,0,1,FALSE,TRUE,"beta8
south_west"
"east_of_england","beta9",0.0537530374525155,0,1,FALSE,TRUE,"beta9
east_of_england"
"london","beta9",0.0526611390589684,0,1,FALSE,TRUE,"beta9
london"
"midlands","beta9",0.0502603747924969,0,1,FALSE,TRUE,"beta9
midlands"
"north_east_and_yorkshire","beta9",0.0591693926976314,0,1,FALSE,TRUE,"beta9
north_east_and_yorkshire"
"north_west","beta9",0.0591801456637034,0,1,FALSE,TRUE,"beta9
north_west"
"south_east","beta9",0.0495862992045984,0,1,FALSE,TRUE,"beta9
south_east"
"south_west","beta9",0.057377453870409,0,1,FALSE,TRUE,"beta9
south_west"
NA,"mu_D",0.322790864490565,0,1,FALSE,TRUE,"mu_D
NA"
NA,"mu_D_2",0.576557619095233,0,1,FALSE,TRUE,"mu_D_2
NA"
NA,"mu_D_3",0.424253245066041,0,1,FALSE,TRUE,"mu_D_3
NA"
NA,"mu_D_4",0.464987392577411,0,1,FALSE,TRUE,"mu_D_4
NA"
NA,"mu_D_5",0.399677544061919,0,1,FALSE,TRUE,"mu_D_5
NA"
NA,"mu_gamma_H",1.15270749659947,0,2,FALSE,TRUE,"mu_gamma_H
NA"
NA,"mu_gamma_H_2",1.07886564771097,0,2,FALSE,TRUE,"mu_gamma_H_2
NA"
NA,"mu_gamma_H_3",0.701266754919531,0,2,FALSE,TRUE,"mu_gamma_H_3
NA"
NA,"mu_gamma_H_4",0.693592359720067,0,2,FALSE,TRUE,"mu_gamma_H_4
NA"
NA,"p_G_D",0.329326264768261,0,1,FALSE,TRUE,"p_G_D
NA"
NA,"p_G_D_2",0.156443980918028,0,1,FALSE,TRUE,"p_G_D_2
NA"
NA,"p_H",0.628995724258206,0,1,FALSE,TRUE,"p_H
NA"
NA,"p_H_2",0.791297497099716,0,1,FALSE,TRUE,"p_H_2
NA"
NA,"p_H_D",0.743432396797902,0,1,FALSE,TRUE,"p_H_D
NA"
NA,"p_ICU",0.247486004732039,0,1,FALSE,TRUE,"p_ICU
NA"
NA,"p_ICU_2",0.136442260151935,0,1,FALSE,TRUE,"p_ICU_2
NA"
NA,"p_ICU_D",0.498534913635409,0,1,FALSE,TRUE,"p_ICU_D
NA"
NA,"p_NC_15_24",0.00383020350695383,0,1,FALSE,TRUE,"p_NC_15_24
NA"
NA,"p_NC_25_49",0.00499480057266678,0,1,FALSE,TRUE,"p_NC_25_49
NA"
NA,"p_NC_50_64",0.00453361139128159,0,1,FALSE,TRUE,"p_NC_50_64
NA"
NA,"p_NC_65_79",0.00286878227514078,0,1,FALSE,TRUE,"p_NC_65_79
NA"
NA,"p_NC_80_plus",0.00648355515880388,0,1,FALSE,TRUE,"p_NC_80_plus
NA"
NA,"p_NC_weekend_15_24",0.00261012390898389,0,1,FALSE,TRUE,"p_NC_weekend_15_24
NA"
NA,"p_NC_weekend_25_49",0.0030082707063289,0,1,FALSE,TRUE,"p_NC_weekend_25_49
NA"
NA,"p_NC_weekend_50_64",0.0022976799284033,0,1,FALSE,TRUE,"p_NC_weekend_50_64
NA"
NA,"p_NC_weekend_65_79",0.00160124490801715,0,1,FALSE,TRUE,"p_NC_weekend_65_79
NA"
NA,"p_NC_weekend_80_plus",0.00332037863184497,0,1,FALSE,TRUE,"p_NC_weekend_80_plus
NA"
NA,"p_W_D",0.334074500121885,0,1,FALSE,TRUE,"p_W_D
NA"
NA,"rel_p_D_alpha",1.48328762504423,0,3,FALSE,TRUE,"rel_p_D_alpha
NA"
NA,"rel_p_D_delta",0.581077912420537,0,3,FALSE,TRUE,"rel_p_D_delta
NA"
NA,"rel_p_D_omicron",0.403304029660029,0,3,FALSE,TRUE,"rel_p_D_omicron
NA"
NA,"rel_p_H_alpha",1.7122431521756,0,3,FALSE,TRUE,"rel_p_H_alpha
NA"
NA,"rel_p_H_delta",1.18616545812931,0,3,FALSE,TRUE,"rel_p_H_delta
NA"
NA,"rel_p_H_omicron",0.608044665032626,0,3,FALSE,TRUE,"rel_p_H_omicron
NA"
NA,"rel_p_ICU_alpha",1.2898894151819,0,3,FALSE,TRUE,"rel_p_ICU_alpha
NA"
NA,"rel_p_ICU_delta",0.875540235452744,0,3,FALSE,TRUE,"rel_p_ICU_delta
NA"
NA,"rel_p_ICU_omicron",0.143607425574126,0,3,FALSE,TRUE,"rel_p_ICU_omicron
NA"
NA,"rho_pillar2_tests",0.00500930759239482,0,1,FALSE,TRUE,"rho_pillar2_tests
NA"
"east_of_england","seed_date_alpha",284.576092353635,261,369,FALSE,TRUE,"seed_date_alpha
east_of_england"
"london","seed_date_alpha",278.238581436499,261,369,FALSE,TRUE,"seed_date_alpha
london"
"midlands","seed_date_alpha",289.225351210646,261,369,FALSE,TRUE,"seed_date_alpha
midlands"
"north_east_and_yorkshire","seed_date_alpha",290.342766254217,261,369,FALSE,TRUE,"seed_date_alpha
north_east_and_yorkshire"
"north_west","seed_date_alpha",286.868440885025,261,369,FALSE,TRUE,"seed_date_alpha
north_west"
"south_east","seed_date_alpha",280.802180454347,261,369,FALSE,TRUE,"seed_date_alpha
south_east"
"south_west","seed_date_alpha",292.811336136222,261,369,FALSE,TRUE,"seed_date_alpha
south_west"
"east_of_england","seed_date_delta",465.109787816293,433,517,FALSE,TRUE,"seed_date_delta
east_of_england"
"london","seed_date_delta",457.990711624338,433,517,FALSE,TRUE,"seed_date_delta
london"
"midlands","seed_date_delta",467.170508922226,433,517,FALSE,TRUE,"seed_date_delta
midlands"
"north_east_and_yorkshire","seed_date_delta",474.030774838214,433,517,FALSE,TRUE,"seed_date_delta
north_east_and_yorkshire"
"north_west","seed_date_delta",456.415486610532,433,517,FALSE,TRUE,"seed_date_delta
north_west"
"south_east","seed_date_delta",461.239029001412,433,517,FALSE,TRUE,"seed_date_delta
south_east"
"south_west","seed_date_delta",462.291662876547,433,517,FALSE,TRUE,"seed_date_delta
south_west"
"east_of_england","seed_date_omicron",685.85207769564,673,705,FALSE,TRUE,"seed_date_omicron
east_of_england"
"london","seed_date_omicron",681.832008612359,673,705,FALSE,TRUE,"seed_date_omicron
london"
"midlands","seed_date_omicron",689.036152653674,673,705,FALSE,TRUE,"seed_date_omicron
midlands"
"north_east_and_yorkshire","seed_date_omicron",692.159312506367,673,705,FALSE,TRUE,"seed_date_omicron
north_east_and_yorkshire"
"north_west","seed_date_omicron",689.443089752296,673,705,FALSE,TRUE,"seed_date_omicron
north_west"
"south_east","seed_date_omicron",684.180266332251,673,705,FALSE,TRUE,"seed_date_omicron
south_east"
"south_west","seed_date_omicron",687.948458109417,673,705,FALSE,TRUE,"seed_date_omicron
south_west"
"east_of_england","start_date",49.028310554342,1,75,FALSE,TRUE,"start_date
east_of_england"
"london","start_date",27.1964166278595,1,75,FALSE,TRUE,"start_date
london"
"midlands","start_date",45.2840270971633,1,75,FALSE,TRUE,"start_date
midlands"
"north_east_and_yorkshire","start_date",52.9414763113954,1,75,FALSE,TRUE,"start_date
north_east_and_yorkshire"
"north_west","start_date",44.3686149192125,1,75,FALSE,TRUE,"start_date
north_west"
"south_east","start_date",38.3422030050159,1,75,FALSE,TRUE,"start_date
south_east"
"south_west","start_date",47.6775819105529,1,75,FALSE,TRUE,"start_date
south_west"
NA,"ta_alpha",1.62662729921873,0,3,FALSE,TRUE,"ta_alpha
NA"
NA,"ta_delta",1.69999201659729,0,3,FALSE,TRUE,"ta_delta
NA"
NA,"ta_omicron",1.18415291834949,0,3,FALSE,TRUE,"ta_omicron
NA"
